PRAGMA foreign_keys=OFF;
BEGIN TRANSACTION;
CREATE TABLE android_metadata (locale TEXT);
INSERT INTO android_metadata VALUES('de_DE');
CREATE TABLE tables_metadata (table_id INTEGER PRIMARY KEY AUTOINCREMENT, name TEXT, pass TEXT, table_page INTEGER, form_page INTEGER, options INTEGER, ver INTEGER, view TEXT, sort1 INTEGER REFERENCES columns_metadata(column_id) ON DELETE SET NULL DEFERRABLE INITIALLY DEFERRED, dir1 TINYINT, sort2 INTEGER REFERENCES columns_metadata(column_id) ON DELETE SET NULL DEFERRABLE INITIALLY DEFERRED, dir2 TINYINT, sort3 INTEGER REFERENCES columns_metadata(column_id) ON DELETE SET NULL DEFERRABLE INITIALLY DEFERRED, dir3 TINYINT, sort4 INTEGER REFERENCES columns_metadata(column_id) ON DELETE SET NULL DEFERRABLE INITIALLY DEFERRED, dir4 TINYINT, sort5 INTEGER REFERENCES columns_metadata(column_id) ON DELETE SET NULL DEFERRABLE INITIALLY DEFERRED, dir5 TINYINT);
INSERT INTO tables_metadata VALUES(2,'a_pubmed_or_jabref_csv',NULL,10,1,0,26,'FORM',NULL,0,NULL,NULL,NULL,NULL,NULL,NULL,NULL,NULL);
INSERT INTO tables_metadata VALUES(3,'the_eligibility',NULL,NULL,NULL,NULL,26,NULL,NULL,NULL,NULL,NULL,NULL,NULL,NULL,NULL,NULL,NULL);
INSERT INTO tables_metadata VALUES(7,'044_reviewer_note',NULL,10,1,0,26,'FORM',NULL,0,NULL,NULL,NULL,NULL,NULL,NULL,NULL,NULL);
INSERT INTO tables_metadata VALUES(8,'045_available_reports',NULL,10,1,0,26,'FORM',NULL,0,NULL,NULL,NULL,NULL,NULL,NULL,NULL,NULL);
INSERT INTO tables_metadata VALUES(11,'065_p_fx_levels',NULL,147,1,0,26,'TABLE',NULL,0,NULL,NULL,NULL,NULL,NULL,NULL,NULL,NULL);
INSERT INTO tables_metadata VALUES(12,'064_p_extra_injuries',NULL,147,1,0,26,'TABLE',NULL,0,NULL,NULL,NULL,NULL,NULL,NULL,NULL,NULL);
INSERT INTO tables_metadata VALUES(13,'067_p_fx_morphology',NULL,147,1,0,26,'TABLE',NULL,0,NULL,NULL,NULL,NULL,NULL,NULL,NULL,NULL);
INSERT INTO tables_metadata VALUES(14,'068_p_neurology',NULL,147,1,0,26,'TABLE',NULL,0,NULL,NULL,NULL,NULL,NULL,NULL,NULL,NULL);
INSERT INTO tables_metadata VALUES(15,'072_i_main_073_i_comparison',NULL,147,1,0,26,'TABLE',NULL,0,NULL,NULL,NULL,NULL,NULL,NULL,NULL,NULL);
INSERT INTO tables_metadata VALUES(16,'048_eligibility',NULL,147,1,0,26,'TABLE',NULL,0,NULL,NULL,NULL,NULL,NULL,NULL,NULL,NULL);
INSERT INTO tables_metadata VALUES(17,'a_pubmed_or_jabref_sf_csv',NULL,10,1,0,26,'FORM',NULL,0,NULL,NULL,NULL,NULL,NULL,NULL,NULL,NULL);
CREATE TABLE columns_metadata (column_id INTEGER PRIMARY KEY AUTOINCREMENT, table_id INTEGER REFERENCES tables_metadata(table_id) ON DELETE CASCADE DEFERRABLE INITIALLY DEFERRED, name TEXT, type TEXT, pos UNSIGNED INTEGER, rel INTEGER REFERENCES columns_metadata(column_id) ON DELETE CASCADE DEFERRABLE INITIALLY DEFERRED);
INSERT INTO columns_metadata VALUES(12,2,'Title','TEXT',1,NULL);
INSERT INTO columns_metadata VALUES(13,2,'URL','TEXT',2,NULL);
INSERT INTO columns_metadata VALUES(14,2,'Description','TEXT',3,NULL);
INSERT INTO columns_metadata VALUES(15,2,'Details','TEXT',4,NULL);
INSERT INTO columns_metadata VALUES(16,2,'ShortDetails','TEXT',5,NULL);
INSERT INTO columns_metadata VALUES(17,2,'Resource','TEXT',6,NULL);
INSERT INTO columns_metadata VALUES(18,2,'Type','TEXT',7,NULL);
INSERT INTO columns_metadata VALUES(19,2,'Identifiers','TEXT',8,NULL);
INSERT INTO columns_metadata VALUES(20,2,'Db','TEXT',9,NULL);
INSERT INTO columns_metadata VALUES(21,2,'EntrezUID','TEXT',10,NULL);
INSERT INTO columns_metadata VALUES(22,2,'Properties','TEXT',11,NULL);
INSERT INTO columns_metadata VALUES(23,2,'primary_screen_ts','DATE_TIME',13,NULL);
INSERT INTO columns_metadata VALUES(24,2,'abstract','TEXT',12,NULL);
INSERT INTO columns_metadata VALUES(25,2,'available_reports','TEXT',14,NULL);
INSERT INTO columns_metadata VALUES(26,3,'ts','DATE_TIME',2,NULL);
INSERT INTO columns_metadata VALUES(27,3,'label','TEXT',1,NULL);
INSERT INTO columns_metadata VALUES(30,2,'p_age','TEXT',22,NULL);
INSERT INTO columns_metadata VALUES(31,2,'p_neurology','TEXT',37,NULL);
INSERT INTO columns_metadata VALUES(32,2,'p_fx_morphology','TEXT',36,NULL);
INSERT INTO columns_metadata VALUES(33,2,'p_hpi','TEXT',24,NULL);
INSERT INTO columns_metadata VALUES(34,2,'p_pmhx_pshx','TEXT',25,NULL);
INSERT INTO columns_metadata VALUES(35,2,'p_extra_injuries','TEXT',33,NULL);
INSERT INTO columns_metadata VALUES(36,2,'p_fx_levels','TEXT',34,NULL);
INSERT INTO columns_metadata VALUES(37,2,'p_setting','TEXT',18,NULL);
INSERT INTO columns_metadata VALUES(39,2,'p_sex','TEXT',21,NULL);
INSERT INTO columns_metadata VALUES(40,2,'p_other','TEXT',40,NULL);
INSERT INTO columns_metadata VALUES(41,2,'p_doi','TEXT',23,NULL);
INSERT INTO columns_metadata VALUES(42,2,'p_spine_pshx','TEXT',38,NULL);
INSERT INTO columns_metadata VALUES(43,2,'p_osteoporosis','TEXT',27,NULL);
INSERT INTO columns_metadata VALUES(44,2,'p_spine_disease','TEXT',39,NULL);
INSERT INTO columns_metadata VALUES(45,2,'p_fx_count','TEXT',35,NULL);
INSERT INTO columns_metadata VALUES(47,2,'p_obs_gyn','TEXT',28,NULL);
INSERT INTO columns_metadata VALUES(48,2,'p_sx_risk','TEXT',32,NULL);
INSERT INTO columns_metadata VALUES(49,2,'p_medications','TEXT',26,NULL);
INSERT INTO columns_metadata VALUES(50,2,'p_allergies','TEXT',29,NULL);
INSERT INTO columns_metadata VALUES(51,2,'p_social_hx','TEXT',30,NULL);
INSERT INTO columns_metadata VALUES(52,2,'p_family_hx','TEXT',31,NULL);
INSERT INTO columns_metadata VALUES(53,2,'i_sx_count','TEXT',50,NULL);
INSERT INTO columns_metadata VALUES(54,2,'i_extra_sx','TEXT',51,NULL);
INSERT INTO columns_metadata VALUES(55,2,'i_time_to_sx','TEXT',53,NULL);
INSERT INTO columns_metadata VALUES(56,2,'i_nonsx_therapy','TEXT',52,NULL);
INSERT INTO columns_metadata VALUES(57,2,'i_decompression','TEXT',67,NULL);
INSERT INTO columns_metadata VALUES(58,2,'i_reduction','TEXT',68,NULL);
INSERT INTO columns_metadata VALUES(59,2,'i_screw_count','TEXT',69,NULL);
INSERT INTO columns_metadata VALUES(60,2,'i_screw_config','TEXT',70,NULL);
INSERT INTO columns_metadata VALUES(61,2,'i_post_fixat_dev','TEXT',71,NULL);
INSERT INTO columns_metadata VALUES(62,2,'i_ven_fixat_dev','TEXT',72,NULL);
INSERT INTO columns_metadata VALUES(63,2,'i_fus_implants','TEXT',73,NULL);
INSERT INTO columns_metadata VALUES(64,2,'i_fus_technique','TEXT',74,NULL);
INSERT INTO columns_metadata VALUES(65,2,'i_augmentation','TEXT',75,NULL);
INSERT INTO columns_metadata VALUES(66,2,'i_other_implants','TEXT',76,NULL);
INSERT INTO columns_metadata VALUES(67,2,'i_rationale','TEXT',42,NULL);
INSERT INTO columns_metadata VALUES(68,2,'i_assignment','TEXT',45,NULL);
INSERT INTO columns_metadata VALUES(69,2,'p_sampling','TEXT',19,NULL);
INSERT INTO columns_metadata VALUES(70,2,'i_comparison','TEXT',41,NULL);
INSERT INTO columns_metadata VALUES(71,2,'i_alloc_conceal','TEXT',46,NULL);
INSERT INTO columns_metadata VALUES(72,2,'i_assign_mask','TEXT',47,NULL);
INSERT INTO columns_metadata VALUES(73,2,'i_who_where','TEXT',43,NULL);
INSERT INTO columns_metadata VALUES(74,2,'i_incision_line','TEXT',57,NULL);
INSERT INTO columns_metadata VALUES(75,2,'i_drain_policy','TEXT',77,NULL);
INSERT INTO columns_metadata VALUES(76,2,'i_suturing','TEXT',78,NULL);
INSERT INTO columns_metadata VALUES(77,2,'i_postop_mgmt','TEXT',79,NULL);
INSERT INTO columns_metadata VALUES(78,2,'i_preop_wu','TEXT',54,NULL);
INSERT INTO columns_metadata VALUES(79,2,'i_anesthesia','TEXT',55,NULL);
INSERT INTO columns_metadata VALUES(80,2,'i_incision_size','TEXT',58,NULL);
INSERT INTO columns_metadata VALUES(81,2,'i_sx_retractors','TEXT',59,NULL);
INSERT INTO columns_metadata VALUES(82,2,'i_endoscopy','TEXT',60,NULL);
INSERT INTO columns_metadata VALUES(83,2,'i_videoscopy','TEXT',61,NULL);
INSERT INTO columns_metadata VALUES(84,2,'i_microscopy','TEXT',62,NULL);
INSERT INTO columns_metadata VALUES(85,2,'i_microsurgery','TEXT',63,NULL);
INSERT INTO columns_metadata VALUES(86,2,'i_sx_navigation','TEXT',64,NULL);
INSERT INTO columns_metadata VALUES(87,2,'i_dc_plan','TEXT',80,NULL);
INSERT INTO columns_metadata VALUES(88,2,'i_care_coverage','TEXT',44,NULL);
INSERT INTO columns_metadata VALUES(89,2,'i_surgeon_xp','TEXT',56,NULL);
INSERT INTO columns_metadata VALUES(90,2,'i_c-arm','TEXT',65,NULL);
INSERT INTO columns_metadata VALUES(91,2,'i_spine_toolset','TEXT',66,NULL);
INSERT INTO columns_metadata VALUES(92,2,'i_deliv_deviations','TEXT',48,NULL);
INSERT INTO columns_metadata VALUES(93,2,'p_sample_losses','TEXT',20,NULL);
INSERT INTO columns_metadata VALUES(95,2,'o_fu_schedule','TEXT',83,NULL);
INSERT INTO columns_metadata VALUES(96,2,'o_fu_losses','TEXT',84,NULL);
INSERT INTO columns_metadata VALUES(97,2,'o_or_time','TEXT',93,NULL);
INSERT INTO columns_metadata VALUES(98,2,'o_blood_loss','TEXT',94,NULL);
INSERT INTO columns_metadata VALUES(99,2,'o_transfus_need','TEXT',95,NULL);
INSERT INTO columns_metadata VALUES(100,2,'o_neurology','TEXT',96,NULL);
INSERT INTO columns_metadata VALUES(101,2,'o_other_ae','TEXT',97,NULL);
INSERT INTO columns_metadata VALUES(102,2,'o_hrqol','TEXT',98,NULL);
INSERT INTO columns_metadata VALUES(103,2,'o_pain_intensity','TEXT',99,NULL);
INSERT INTO columns_metadata VALUES(104,2,'o_pt_satisfaction','TEXT',100,NULL);
INSERT INTO columns_metadata VALUES(111,2,'o_other_proms','TEXT',101,NULL);
INSERT INTO columns_metadata VALUES(112,2,'o_other_croms','TEXT',102,NULL);
INSERT INTO columns_metadata VALUES(113,2,'o_ssi','TEXT',103,NULL);
INSERT INTO columns_metadata VALUES(114,2,'o_pacu_time','TEXT',104,NULL);
INSERT INTO columns_metadata VALUES(115,2,'o_inpatient_stay','TEXT',105,NULL);
INSERT INTO columns_metadata VALUES(116,2,'o_neuropath_pain','TEXT',106,NULL);
INSERT INTO columns_metadata VALUES(117,2,'o_sepsis','TEXT',107,NULL);
INSERT INTO columns_metadata VALUES(118,2,'o_intraop_ae','TEXT',108,NULL);
INSERT INTO columns_metadata VALUES(119,2,'o_repeat_sx','TEXT',109,NULL);
INSERT INTO columns_metadata VALUES(120,2,'o_readmission','TEXT',110,NULL);
INSERT INTO columns_metadata VALUES(121,2,'o_death','TEXT',111,NULL);
INSERT INTO columns_metadata VALUES(122,2,'o_pneumonia','TEXT',112,NULL);
INSERT INTO columns_metadata VALUES(123,2,'o_vte','TEXT',113,NULL);
INSERT INTO columns_metadata VALUES(124,2,'o_implant_remov','TEXT',114,NULL);
INSERT INTO columns_metadata VALUES(126,2,'o_verterbal_kyph','TEXT',115,NULL);
INSERT INTO columns_metadata VALUES(127,2,'o_seg_kyph','TEXT',116,NULL);
INSERT INTO columns_metadata VALUES(128,2,'o_local_kyph','TEXT',117,NULL);
INSERT INTO columns_metadata VALUES(129,2,'o_vertebral_ht','TEXT',118,NULL);
INSERT INTO columns_metadata VALUES(130,2,'o_poor_union','TEXT',119,NULL);
INSERT INTO columns_metadata VALUES(131,2,'o_kyph_corr','TEXT',120,NULL);
INSERT INTO columns_metadata VALUES(132,2,'o_corr_loss','TEXT',121,NULL);
INSERT INTO columns_metadata VALUES(133,2,'o_canal_stenosis','TEXT',122,NULL);
INSERT INTO columns_metadata VALUES(134,2,'o_alignment','TEXT',123,NULL);
INSERT INTO columns_metadata VALUES(135,2,'o_other_imaging','TEXT',124,NULL);
INSERT INTO columns_metadata VALUES(136,2,'o_return_to_work','TEXT',125,NULL);
INSERT INTO columns_metadata VALUES(137,2,'o_other','TEXT',126,NULL);
INSERT INTO columns_metadata VALUES(138,2,'reviewer_note','TEXT',13,NULL);
INSERT INTO columns_metadata VALUES(139,2,'o_assess_mask','TEXT',82,NULL);
INSERT INTO columns_metadata VALUES(140,2,'o_assessment','TEXT',81,NULL);
INSERT INTO columns_metadata VALUES(141,2,'study_conclusions','TEXT',131,NULL);
INSERT INTO columns_metadata VALUES(142,2,'practice_recomm','TEXT',132,NULL);
INSERT INTO columns_metadata VALUES(143,2,'research_recomm','TEXT',133,NULL);
INSERT INTO columns_metadata VALUES(144,2,'o_nonreporting','TEXT',85,NULL);
INSERT INTO columns_metadata VALUES(145,2,'o_main_analyses','TEXT',86,NULL);
INSERT INTO columns_metadata VALUES(146,2,'o_sub_analyses','TEXT',87,NULL);
INSERT INTO columns_metadata VALUES(147,2,'o_add_analyses','TEXT',88,NULL);
INSERT INTO columns_metadata VALUES(148,2,'discussion','TEXT',135,NULL);
INSERT INTO columns_metadata VALUES(149,2,'correspondence','TEXT',136,NULL);
INSERT INTO columns_metadata VALUES(150,2,'handl_miss_data','TEXT',127,NULL);
INSERT INTO columns_metadata VALUES(151,2,'miscond_concern','TEXT',138,NULL);
INSERT INTO columns_metadata VALUES(152,2,'retraction_notes','TEXT',15,NULL);
INSERT INTO columns_metadata VALUES(153,2,'coi_concern','TEXT',137,NULL);
INSERT INTO columns_metadata VALUES(154,2,'o_handl_mul_anal','TEXT',89,NULL);
INSERT INTO columns_metadata VALUES(155,2,'o_covar_adjust','TEXT',90,NULL);
INSERT INTO columns_metadata VALUES(156,2,'o_survival_anal','TEXT',91,NULL);
INSERT INTO columns_metadata VALUES(157,2,'what_is_next','TEXT',134,NULL);
INSERT INTO columns_metadata VALUES(158,2,'protocol_and_reg','TEXT',16,NULL);
INSERT INTO columns_metadata VALUES(159,2,'eligibility','RELATIONSHIP',17,27);
INSERT INTO columns_metadata VALUES(160,2,'preib_cnfndng','TEXT',140,NULL);
INSERT INTO columns_metadata VALUES(161,2,'preib_selection','TEXT',141,NULL);
INSERT INTO columns_metadata VALUES(162,2,'preib_rndmztn','TEXT',142,NULL);
INSERT INTO columns_metadata VALUES(163,2,'atib_msclssfctn','TEXT',143,NULL);
INSERT INTO columns_metadata VALUES(164,2,'poib_deviations','TEXT',144,NULL);
INSERT INTO columns_metadata VALUES(165,2,'poib_missing','TEXT',145,NULL);
INSERT INTO columns_metadata VALUES(166,2,'poib_msrmnt','TEXT',146,NULL);
INSERT INTO columns_metadata VALUES(167,2,'poib_selection','TEXT',147,NULL);
INSERT INTO columns_metadata VALUES(168,2,'o_mul_measure','TEXT',92,NULL);
INSERT INTO columns_metadata VALUES(169,2,'i_crossover','TEXT',49,NULL);
INSERT INTO columns_metadata VALUES(170,2,'other_adjust','TEXT',128,NULL);
INSERT INTO columns_metadata VALUES(171,2,'regression_anal','TEXT',129,NULL);
INSERT INTO columns_metadata VALUES(172,2,'other_econ_anal','TEXT',130,NULL);
INSERT INTO columns_metadata VALUES(173,2,'i_main','TEXT',40,NULL);
INSERT INTO columns_metadata VALUES(174,2,'o_implant_failure','TEXT',113,NULL);
INSERT INTO columns_metadata VALUES(175,2,'i_other','TEXT',80,NULL);
INSERT INTO columns_metadata VALUES(176,2,'BibliographyType','TEXT',11,NULL);
INSERT INTO columns_metadata VALUES(177,2,'ISBN','TEXT',11,NULL);
INSERT INTO columns_metadata VALUES(178,2,'Identifier','TEXT',11,NULL);
INSERT INTO columns_metadata VALUES(179,2,'Author','TEXT',11,NULL);
INSERT INTO columns_metadata VALUES(180,2,'Journal','TEXT',11,NULL);
INSERT INTO columns_metadata VALUES(181,2,'Volume','TEXT',11,NULL);
INSERT INTO columns_metadata VALUES(182,2,'Number','TEXT',11,NULL);
INSERT INTO columns_metadata VALUES(183,2,'Month','TEXT',11,NULL);
INSERT INTO columns_metadata VALUES(184,2,'Pages','TEXT',11,NULL);
INSERT INTO columns_metadata VALUES(185,2,'Year','TEXT',11,NULL);
INSERT INTO columns_metadata VALUES(186,2,'Address','TEXT',11,NULL);
INSERT INTO columns_metadata VALUES(187,2,'Note','TEXT',11,NULL);
INSERT INTO columns_metadata VALUES(188,2,'Booktitle','TEXT',11,NULL);
INSERT INTO columns_metadata VALUES(189,2,'Chapter','TEXT',11,NULL);
INSERT INTO columns_metadata VALUES(190,2,'Edition','TEXT',11,NULL);
INSERT INTO columns_metadata VALUES(191,2,'Series','TEXT',11,NULL);
INSERT INTO columns_metadata VALUES(192,2,'Editor','TEXT',11,NULL);
INSERT INTO columns_metadata VALUES(193,2,'Publisher','TEXT',11,NULL);
INSERT INTO columns_metadata VALUES(194,2,'ReportType','TEXT',11,NULL);
INSERT INTO columns_metadata VALUES(195,2,'Howpublished','TEXT',11,NULL);
INSERT INTO columns_metadata VALUES(196,2,'Institution','TEXT',11,NULL);
INSERT INTO columns_metadata VALUES(197,2,'Organizations','TEXT',11,NULL);
INSERT INTO columns_metadata VALUES(198,2,'School','TEXT',11,NULL);
INSERT INTO columns_metadata VALUES(199,2,'Annote','TEXT',11,NULL);
INSERT INTO columns_metadata VALUES(200,2,'Custom1','TEXT',11,NULL);
INSERT INTO columns_metadata VALUES(201,2,'Custom2','TEXT',11,NULL);
INSERT INTO columns_metadata VALUES(202,2,'Custom3','TEXT',11,NULL);
INSERT INTO columns_metadata VALUES(203,2,'Custom4','TEXT',11,NULL);
INSERT INTO columns_metadata VALUES(204,2,'Custom5','TEXT',11,NULL);
INSERT INTO columns_metadata VALUES(742,7,'Title','TEXT',1,NULL);
INSERT INTO columns_metadata VALUES(743,7,'URL','TEXT',2,NULL);
INSERT INTO columns_metadata VALUES(744,7,'Description','TEXT',3,NULL);
INSERT INTO columns_metadata VALUES(745,7,'ShortDetails','TEXT',4,NULL);
INSERT INTO columns_metadata VALUES(746,7,'Author','TEXT',5,NULL);
INSERT INTO columns_metadata VALUES(747,7,'Journal','TEXT',6,NULL);
INSERT INTO columns_metadata VALUES(748,7,'Year','TEXT',7,NULL);
INSERT INTO columns_metadata VALUES(883,7,'reviewer_note','TEXT',8,NULL);
INSERT INTO columns_metadata VALUES(884,8,'Title','TEXT',1,NULL);
INSERT INTO columns_metadata VALUES(885,8,'URL','TEXT',2,NULL);
INSERT INTO columns_metadata VALUES(886,8,'Description','TEXT',3,NULL);
INSERT INTO columns_metadata VALUES(887,8,'ShortDetails','TEXT',4,NULL);
INSERT INTO columns_metadata VALUES(888,8,'Author','TEXT',5,NULL);
INSERT INTO columns_metadata VALUES(889,8,'Journal','TEXT',6,NULL);
INSERT INTO columns_metadata VALUES(890,8,'Year','TEXT',7,NULL);
INSERT INTO columns_metadata VALUES(891,8,'available_reports','TEXT',8,NULL);
INSERT INTO columns_metadata VALUES(1310,11,'Title','TEXT',1,NULL);
INSERT INTO columns_metadata VALUES(1311,11,'URL','TEXT',2,NULL);
INSERT INTO columns_metadata VALUES(1312,11,'Description','TEXT',3,NULL);
INSERT INTO columns_metadata VALUES(1313,11,'ShortDetails','TEXT',4,NULL);
INSERT INTO columns_metadata VALUES(1314,11,'Author','TEXT',5,NULL);
INSERT INTO columns_metadata VALUES(1315,11,'Journal','TEXT',6,NULL);
INSERT INTO columns_metadata VALUES(1316,11,'Year','TEXT',7,NULL);
INSERT INTO columns_metadata VALUES(1335,11,'p_fx_levels','TEXT',0,NULL);
INSERT INTO columns_metadata VALUES(1452,12,'Title','TEXT',1,NULL);
INSERT INTO columns_metadata VALUES(1453,12,'URL','TEXT',2,NULL);
INSERT INTO columns_metadata VALUES(1454,12,'Description','TEXT',3,NULL);
INSERT INTO columns_metadata VALUES(1455,12,'ShortDetails','TEXT',4,NULL);
INSERT INTO columns_metadata VALUES(1456,12,'Author','TEXT',5,NULL);
INSERT INTO columns_metadata VALUES(1457,12,'Journal','TEXT',6,NULL);
INSERT INTO columns_metadata VALUES(1458,12,'Year','TEXT',7,NULL);
INSERT INTO columns_metadata VALUES(1476,12,'p_extra_injuries','TEXT',0,NULL);
INSERT INTO columns_metadata VALUES(1594,13,'Title','TEXT',1,NULL);
INSERT INTO columns_metadata VALUES(1595,13,'URL','TEXT',2,NULL);
INSERT INTO columns_metadata VALUES(1596,13,'Description','TEXT',3,NULL);
INSERT INTO columns_metadata VALUES(1597,13,'ShortDetails','TEXT',4,NULL);
INSERT INTO columns_metadata VALUES(1598,13,'Author','TEXT',5,NULL);
INSERT INTO columns_metadata VALUES(1599,13,'Journal','TEXT',6,NULL);
INSERT INTO columns_metadata VALUES(1600,13,'Year','TEXT',7,NULL);
INSERT INTO columns_metadata VALUES(1621,13,'p_fx_morphology','TEXT',0,NULL);
INSERT INTO columns_metadata VALUES(1736,14,'Title','TEXT',1,NULL);
INSERT INTO columns_metadata VALUES(1737,14,'URL','TEXT',2,NULL);
INSERT INTO columns_metadata VALUES(1738,14,'Description','TEXT',3,NULL);
INSERT INTO columns_metadata VALUES(1739,14,'ShortDetails','TEXT',4,NULL);
INSERT INTO columns_metadata VALUES(1740,14,'Author','TEXT',5,NULL);
INSERT INTO columns_metadata VALUES(1741,14,'Journal','TEXT',6,NULL);
INSERT INTO columns_metadata VALUES(1742,14,'Year','TEXT',7,NULL);
INSERT INTO columns_metadata VALUES(1764,14,'p_neurology','TEXT',0,NULL);
INSERT INTO columns_metadata VALUES(1878,15,'Title','TEXT',1,NULL);
INSERT INTO columns_metadata VALUES(1879,15,'URL','TEXT',2,NULL);
INSERT INTO columns_metadata VALUES(1880,15,'Description','TEXT',3,NULL);
INSERT INTO columns_metadata VALUES(1881,15,'ShortDetails','TEXT',4,NULL);
INSERT INTO columns_metadata VALUES(1882,15,'Author','TEXT',5,NULL);
INSERT INTO columns_metadata VALUES(1883,15,'Journal','TEXT',6,NULL);
INSERT INTO columns_metadata VALUES(1884,15,'Year','TEXT',7,NULL);
INSERT INTO columns_metadata VALUES(1910,15,'i_main','TEXT',0,NULL);
INSERT INTO columns_metadata VALUES(1911,15,'i_comparison','TEXT',0,NULL);
INSERT INTO columns_metadata VALUES(2020,16,'Title','TEXT',2,NULL);
INSERT INTO columns_metadata VALUES(2021,16,'URL','TEXT',3,NULL);
INSERT INTO columns_metadata VALUES(2022,16,'Description','TEXT',4,NULL);
INSERT INTO columns_metadata VALUES(2023,16,'ShortDetails','TEXT',5,NULL);
INSERT INTO columns_metadata VALUES(2024,16,'Author','TEXT',6,NULL);
INSERT INTO columns_metadata VALUES(2025,16,'Journal','TEXT',7,NULL);
INSERT INTO columns_metadata VALUES(2026,16,'Year','TEXT',8,NULL);
INSERT INTO columns_metadata VALUES(2028,16,'eligibility','RELATIONSHIP',1,27);
INSERT INTO columns_metadata VALUES(2162,17,'Title','TEXT',1,NULL);
INSERT INTO columns_metadata VALUES(2163,17,'URL','TEXT',2,NULL);
INSERT INTO columns_metadata VALUES(2164,17,'Description','TEXT',3,NULL);
INSERT INTO columns_metadata VALUES(2166,17,'ShortDetails','TEXT',4,NULL);
INSERT INTO columns_metadata VALUES(2176,17,'Author','TEXT',5,NULL);
INSERT INTO columns_metadata VALUES(2177,17,'Journal','TEXT',6,NULL);
INSERT INTO columns_metadata VALUES(2182,17,'Year','TEXT',7,NULL);
INSERT INTO columns_metadata VALUES(2202,17,'abstract','TEXT',8,NULL);
INSERT INTO columns_metadata VALUES(2203,17,'primary_screen_ts','DATE_TIME',9,NULL);
INSERT INTO columns_metadata VALUES(2204,17,'reviewer_note','TEXT',10,NULL);
INSERT INTO columns_metadata VALUES(2205,17,'available_reports','TEXT',11,NULL);
INSERT INTO columns_metadata VALUES(2206,17,'retraction_notes','TEXT',12,NULL);
INSERT INTO columns_metadata VALUES(2207,17,'protocol_and_reg','TEXT',13,NULL);
INSERT INTO columns_metadata VALUES(2208,17,'eligibility','RELATIONSHIP',14,27);
INSERT INTO columns_metadata VALUES(2209,17,'p_setting','TEXT',15,NULL);
INSERT INTO columns_metadata VALUES(2210,17,'p_sampling','TEXT',16,NULL);
INSERT INTO columns_metadata VALUES(2211,17,'p_sample_losses','TEXT',17,NULL);
INSERT INTO columns_metadata VALUES(2212,17,'p_sex','TEXT',18,NULL);
INSERT INTO columns_metadata VALUES(2213,17,'p_age','TEXT',19,NULL);
INSERT INTO columns_metadata VALUES(2214,17,'p_doi','TEXT',20,NULL);
INSERT INTO columns_metadata VALUES(2215,17,'p_hpi','TEXT',21,NULL);
INSERT INTO columns_metadata VALUES(2216,17,'p_pmhx_pshx','TEXT',22,NULL);
INSERT INTO columns_metadata VALUES(2217,17,'p_medications','TEXT',23,NULL);
INSERT INTO columns_metadata VALUES(2218,17,'p_osteoporosis','TEXT',24,NULL);
INSERT INTO columns_metadata VALUES(2219,17,'p_obs_gyn','TEXT',25,NULL);
INSERT INTO columns_metadata VALUES(2220,17,'p_allergies','TEXT',26,NULL);
INSERT INTO columns_metadata VALUES(2221,17,'p_social_hx','TEXT',27,NULL);
INSERT INTO columns_metadata VALUES(2222,17,'p_family_hx','TEXT',28,NULL);
INSERT INTO columns_metadata VALUES(2223,17,'p_sx_risk','TEXT',29,NULL);
INSERT INTO columns_metadata VALUES(2224,17,'p_extra_injuries','TEXT',30,NULL);
INSERT INTO columns_metadata VALUES(2225,17,'p_fx_levels','TEXT',31,NULL);
INSERT INTO columns_metadata VALUES(2226,17,'p_fx_count','TEXT',32,NULL);
INSERT INTO columns_metadata VALUES(2227,17,'p_fx_morphology','TEXT',33,NULL);
INSERT INTO columns_metadata VALUES(2228,17,'p_neurology','TEXT',34,NULL);
INSERT INTO columns_metadata VALUES(2229,17,'p_spine_pshx','TEXT',35,NULL);
INSERT INTO columns_metadata VALUES(2230,17,'p_spine_disease','TEXT',36,NULL);
INSERT INTO columns_metadata VALUES(2231,17,'p_other','TEXT',37,NULL);
INSERT INTO columns_metadata VALUES(2232,17,'i_main','TEXT',38,NULL);
INSERT INTO columns_metadata VALUES(2233,17,'i_comparison','TEXT',39,NULL);
INSERT INTO columns_metadata VALUES(2234,17,'i_rationale','TEXT',40,NULL);
INSERT INTO columns_metadata VALUES(2235,17,'i_who_where','TEXT',41,NULL);
INSERT INTO columns_metadata VALUES(2236,17,'i_care_coverage','TEXT',42,NULL);
INSERT INTO columns_metadata VALUES(2237,17,'i_assignment','TEXT',43,NULL);
INSERT INTO columns_metadata VALUES(2238,17,'i_alloc_conceal','TEXT',44,NULL);
INSERT INTO columns_metadata VALUES(2239,17,'i_assign_mask','TEXT',45,NULL);
INSERT INTO columns_metadata VALUES(2240,17,'i_deliv_deviations','TEXT',46,NULL);
INSERT INTO columns_metadata VALUES(2241,17,'i_crossover','TEXT',47,NULL);
INSERT INTO columns_metadata VALUES(2242,17,'i_sx_count','TEXT',48,NULL);
INSERT INTO columns_metadata VALUES(2243,17,'i_extra_sx','TEXT',49,NULL);
INSERT INTO columns_metadata VALUES(2244,17,'i_nonsx_therapy','TEXT',50,NULL);
INSERT INTO columns_metadata VALUES(2245,17,'i_time_to_sx','TEXT',51,NULL);
INSERT INTO columns_metadata VALUES(2246,17,'i_preop_wu','TEXT',52,NULL);
INSERT INTO columns_metadata VALUES(2247,17,'i_anesthesia','TEXT',53,NULL);
INSERT INTO columns_metadata VALUES(2248,17,'i_surgeon_xp','TEXT',54,NULL);
INSERT INTO columns_metadata VALUES(2249,17,'i_incision_line','TEXT',55,NULL);
INSERT INTO columns_metadata VALUES(2250,17,'i_incision_size','TEXT',56,NULL);
INSERT INTO columns_metadata VALUES(2251,17,'i_sx_retractors','TEXT',57,NULL);
INSERT INTO columns_metadata VALUES(2252,17,'i_endoscopy','TEXT',58,NULL);
INSERT INTO columns_metadata VALUES(2253,17,'i_videoscopy','TEXT',59,NULL);
INSERT INTO columns_metadata VALUES(2254,17,'i_microscopy','TEXT',60,NULL);
INSERT INTO columns_metadata VALUES(2255,17,'i_microsurgery','TEXT',61,NULL);
INSERT INTO columns_metadata VALUES(2256,17,'i_sx_navigation','TEXT',62,NULL);
INSERT INTO columns_metadata VALUES(2257,17,'i_c-arm','TEXT',63,NULL);
INSERT INTO columns_metadata VALUES(2258,17,'i_spine_toolset','TEXT',64,NULL);
INSERT INTO columns_metadata VALUES(2259,17,'i_decompression','TEXT',65,NULL);
INSERT INTO columns_metadata VALUES(2260,17,'i_reduction','TEXT',66,NULL);
INSERT INTO columns_metadata VALUES(2261,17,'i_screw_count','TEXT',67,NULL);
INSERT INTO columns_metadata VALUES(2262,17,'i_screw_config','TEXT',68,NULL);
INSERT INTO columns_metadata VALUES(2263,17,'i_post_fixat_dev','TEXT',69,NULL);
INSERT INTO columns_metadata VALUES(2264,17,'i_ven_fixat_dev','TEXT',70,NULL);
INSERT INTO columns_metadata VALUES(2265,17,'i_fus_implants','TEXT',71,NULL);
INSERT INTO columns_metadata VALUES(2266,17,'i_fus_technique','TEXT',72,NULL);
INSERT INTO columns_metadata VALUES(2267,17,'i_augmentation','TEXT',73,NULL);
INSERT INTO columns_metadata VALUES(2268,17,'i_other_implants','TEXT',74,NULL);
INSERT INTO columns_metadata VALUES(2269,17,'i_drain_policy','TEXT',75,NULL);
INSERT INTO columns_metadata VALUES(2270,17,'i_suturing','TEXT',76,NULL);
INSERT INTO columns_metadata VALUES(2271,17,'i_postop_mgmt','TEXT',77,NULL);
INSERT INTO columns_metadata VALUES(2272,17,'i_dc_plan','TEXT',78,NULL);
INSERT INTO columns_metadata VALUES(2273,17,'i_other','TEXT',79,NULL);
INSERT INTO columns_metadata VALUES(2274,17,'o_assessment','TEXT',80,NULL);
INSERT INTO columns_metadata VALUES(2275,17,'o_assess_mask','TEXT',81,NULL);
INSERT INTO columns_metadata VALUES(2276,17,'o_fu_schedule','TEXT',82,NULL);
INSERT INTO columns_metadata VALUES(2277,17,'o_fu_losses','TEXT',83,NULL);
INSERT INTO columns_metadata VALUES(2278,17,'o_nonreporting','TEXT',84,NULL);
INSERT INTO columns_metadata VALUES(2279,17,'o_main_analyses','TEXT',85,NULL);
INSERT INTO columns_metadata VALUES(2280,17,'o_sub_analyses','TEXT',86,NULL);
INSERT INTO columns_metadata VALUES(2281,17,'o_add_analyses','TEXT',87,NULL);
INSERT INTO columns_metadata VALUES(2282,17,'o_handl_mul_anal','TEXT',88,NULL);
INSERT INTO columns_metadata VALUES(2283,17,'o_covar_adjust','TEXT',89,NULL);
INSERT INTO columns_metadata VALUES(2284,17,'o_survival_anal','TEXT',90,NULL);
INSERT INTO columns_metadata VALUES(2285,17,'o_mul_measure','TEXT',91,NULL);
INSERT INTO columns_metadata VALUES(2286,17,'o_or_time','TEXT',92,NULL);
INSERT INTO columns_metadata VALUES(2287,17,'o_blood_loss','TEXT',93,NULL);
INSERT INTO columns_metadata VALUES(2288,17,'o_transfus_need','TEXT',94,NULL);
INSERT INTO columns_metadata VALUES(2289,17,'o_neurology','TEXT',95,NULL);
INSERT INTO columns_metadata VALUES(2290,17,'o_other_ae','TEXT',96,NULL);
INSERT INTO columns_metadata VALUES(2291,17,'o_hrqol','TEXT',97,NULL);
INSERT INTO columns_metadata VALUES(2292,17,'o_pain_intensity','TEXT',98,NULL);
INSERT INTO columns_metadata VALUES(2293,17,'o_pt_satisfaction','TEXT',99,NULL);
INSERT INTO columns_metadata VALUES(2294,17,'o_other_proms','TEXT',100,NULL);
INSERT INTO columns_metadata VALUES(2295,17,'o_other_croms','TEXT',101,NULL);
INSERT INTO columns_metadata VALUES(2296,17,'o_ssi','TEXT',102,NULL);
INSERT INTO columns_metadata VALUES(2297,17,'o_pacu_time','TEXT',103,NULL);
INSERT INTO columns_metadata VALUES(2298,17,'o_inpatient_stay','TEXT',104,NULL);
INSERT INTO columns_metadata VALUES(2299,17,'o_neuropath_pain','TEXT',105,NULL);
INSERT INTO columns_metadata VALUES(2300,17,'o_sepsis','TEXT',106,NULL);
INSERT INTO columns_metadata VALUES(2301,17,'o_intraop_ae','TEXT',107,NULL);
INSERT INTO columns_metadata VALUES(2302,17,'o_repeat_sx','TEXT',108,NULL);
INSERT INTO columns_metadata VALUES(2303,17,'o_readmission','TEXT',109,NULL);
INSERT INTO columns_metadata VALUES(2304,17,'o_death','TEXT',110,NULL);
INSERT INTO columns_metadata VALUES(2305,17,'o_pneumonia','TEXT',111,NULL);
INSERT INTO columns_metadata VALUES(2306,17,'o_vte','TEXT',112,NULL);
INSERT INTO columns_metadata VALUES(2307,17,'o_implant_failure','TEXT',113,NULL);
INSERT INTO columns_metadata VALUES(2308,17,'o_implant_remov','TEXT',114,NULL);
INSERT INTO columns_metadata VALUES(2309,17,'o_verterbal_kyph','TEXT',115,NULL);
INSERT INTO columns_metadata VALUES(2310,17,'o_seg_kyph','TEXT',116,NULL);
INSERT INTO columns_metadata VALUES(2311,17,'o_local_kyph','TEXT',117,NULL);
INSERT INTO columns_metadata VALUES(2312,17,'o_vertebral_ht','TEXT',118,NULL);
INSERT INTO columns_metadata VALUES(2313,17,'o_poor_union','TEXT',119,NULL);
INSERT INTO columns_metadata VALUES(2314,17,'o_kyph_corr','TEXT',120,NULL);
INSERT INTO columns_metadata VALUES(2315,17,'o_corr_loss','TEXT',121,NULL);
INSERT INTO columns_metadata VALUES(2316,17,'o_canal_stenosis','TEXT',122,NULL);
INSERT INTO columns_metadata VALUES(2317,17,'o_alignment','TEXT',123,NULL);
INSERT INTO columns_metadata VALUES(2318,17,'o_other_imaging','TEXT',124,NULL);
INSERT INTO columns_metadata VALUES(2319,17,'o_return_to_work','TEXT',125,NULL);
INSERT INTO columns_metadata VALUES(2320,17,'o_other','TEXT',126,NULL);
INSERT INTO columns_metadata VALUES(2321,17,'handl_miss_data','TEXT',127,NULL);
INSERT INTO columns_metadata VALUES(2322,17,'other_adjust','TEXT',128,NULL);
INSERT INTO columns_metadata VALUES(2323,17,'regression_anal','TEXT',129,NULL);
INSERT INTO columns_metadata VALUES(2324,17,'other_econ_anal','TEXT',130,NULL);
INSERT INTO columns_metadata VALUES(2325,17,'study_conclusions','TEXT',131,NULL);
INSERT INTO columns_metadata VALUES(2326,17,'practice_recomm','TEXT',132,NULL);
INSERT INTO columns_metadata VALUES(2327,17,'research_recomm','TEXT',133,NULL);
INSERT INTO columns_metadata VALUES(2328,17,'what_is_next','TEXT',134,NULL);
INSERT INTO columns_metadata VALUES(2329,17,'discussion','TEXT',135,NULL);
INSERT INTO columns_metadata VALUES(2330,17,'correspondence','TEXT',136,NULL);
INSERT INTO columns_metadata VALUES(2331,17,'coi_concern','TEXT',137,NULL);
INSERT INTO columns_metadata VALUES(2332,17,'miscond_concern','TEXT',138,NULL);
INSERT INTO columns_metadata VALUES(2333,17,'preib_cnfndng','TEXT',139,NULL);
INSERT INTO columns_metadata VALUES(2334,17,'preib_selection','TEXT',140,NULL);
INSERT INTO columns_metadata VALUES(2335,17,'preib_rndmztn','TEXT',141,NULL);
INSERT INTO columns_metadata VALUES(2336,17,'atib_msclssfctn','TEXT',142,NULL);
INSERT INTO columns_metadata VALUES(2337,17,'poib_deviations','TEXT',143,NULL);
INSERT INTO columns_metadata VALUES(2338,17,'poib_missing','TEXT',144,NULL);
INSERT INTO columns_metadata VALUES(2339,17,'poib_msrmnt','TEXT',145,NULL);
INSERT INTO columns_metadata VALUES(2340,17,'poib_selection','TEXT',146,NULL);
CREATE TABLE views_metadata (view_id INTEGER PRIMARY KEY AUTOINCREMENT, table_id INTEGER REFERENCES tables_metadata(table_id) ON DELETE CASCADE DEFERRABLE INITIALLY DEFERRED, name TEXT,  table_page INTEGER, form_page INTEGER, options INTEGER, ver INTEGER, view TEXT, sort1 INTEGER REFERENCES fields_metadata(field_id) ON DELETE SET NULL DEFERRABLE INITIALLY DEFERRED, dir1 TINYINT, sort2 INTEGER REFERENCES fields_metadata(field_id) ON DELETE SET NULL DEFERRABLE INITIALLY DEFERRED, dir2 TINYINT, sort3 INTEGER REFERENCES fields_metadata(field_id) ON DELETE SET NULL DEFERRABLE INITIALLY DEFERRED, dir3 TINYINT, sort4 INTEGER REFERENCES fields_metadata(field_id) ON DELETE SET NULL DEFERRABLE INITIALLY DEFERRED, dir4 TINYINT, sort5 INTEGER REFERENCES fields_metadata(field_id) ON DELETE SET NULL DEFERRABLE INITIALLY DEFERRED, dir5 TINYINT);
CREATE TABLE fields_metadata (field_id INTEGER PRIMARY KEY AUTOINCREMENT, view_id INTEGER REFERENCES views_metadata(view_id) ON DELETE CASCADE DEFERRABLE INITIALLY DEFERRED, name TEXT, type TEXT, formula TEXT, pos UNSIGNED INTEGER);
CREATE TABLE old_tables (table_id INTEGER PRIMARY KEY AUTOINCREMENT, name TEXT);
INSERT INTO old_tables VALUES(1,'the_pubmed_csv_generic');
INSERT INTO old_tables VALUES(2,'a_pubmed_or_jabref_screening');
INSERT INTO old_tables VALUES(3,'on_p_doi');
INSERT INTO old_tables VALUES(4,'on_p_age');
INSERT INTO old_tables VALUES(5,'on_eligibility');
INSERT INTO old_tables VALUES(6,'a_pubmed_or_jabref_sf_csv');
CREATE TABLE IF NOT EXISTS "o1" (id INTEGER PRIMARY KEY AUTOINCREMENT, c1 TEXT, c2 TEXT, c3 TEXT, c4 TEXT, c5 TEXT, c6 TEXT, c7 TEXT, c8 TEXT, c9 TEXT, c10 TEXT, c11 TEXT);
CREATE TABLE t2 (id INTEGER PRIMARY KEY AUTOINCREMENT, c12 TEXT, c13 TEXT, c14 TEXT, c15 TEXT, c16 TEXT, c17 TEXT, c18 TEXT, c19 TEXT, c20 TEXT, c21 TEXT, c22 TEXT, c23 TEXT, c24 TEXT, c25 TEXT, c28 INTEGER REFERENCES t3(id) ON DELETE SET NULL DEFERRABLE INITIALLY DEFERRED, c29 TEXT, c30 TEXT, c31 TEXT, c32 TEXT, c33 TEXT, c34 TEXT, c35 TEXT, c36 TEXT, c37 TEXT, c38 TEXT, c39 TEXT, c40 TEXT, c41 TEXT, c42 TEXT, c43 TEXT, c44 TEXT, c45 TEXT, c46 TEXT, c47 TEXT, c48 TEXT, c49 TEXT, c50 TEXT, c51 TEXT, c52 TEXT, c53 TEXT, c54 TEXT, c55 TEXT, c56 TEXT, c57 TEXT, c58 TEXT, c59 TEXT, c60 TEXT, c61 TEXT, c62 TEXT, c63 TEXT, c64 TEXT, c65 TEXT, c66 TEXT, c67 TEXT, c68 TEXT, c69 TEXT, c70 TEXT, c71 TEXT, c72 TEXT, c73 TEXT, c74 TEXT, c75 TEXT, c76 TEXT, c77 TEXT, c78 TEXT, c79 TEXT, c80 TEXT, c81 TEXT, c82 TEXT, c83 TEXT, c84 TEXT, c85 TEXT, c86 TEXT, c87 TEXT, c88 TEXT, c89 TEXT, c90 TEXT, c91 TEXT, c92 TEXT, c93 TEXT, c94 TEXT, c95 TEXT, c96 TEXT, c97 TEXT, c98 TEXT, c99 TEXT, c100 TEXT, c101 TEXT, c102 TEXT, c103 TEXT, c104 TEXT, c105 TEXT, c106 TEXT, c107 TEXT, c108 TEXT, c109 TEXT, c110 TEXT, c111 TEXT, c112 TEXT, c113 TEXT, c114 TEXT, c115 TEXT, c116 TEXT, c117 TEXT, c118 TEXT, c119 TEXT, c120 TEXT, c121 TEXT, c122 TEXT, c123 TEXT, c124 TEXT, c125 TEXT, c126 TEXT, c127 TEXT, c128 TEXT, c129 TEXT, c130 TEXT, c131 TEXT, c132 TEXT, c133 TEXT, c134 TEXT, c135 TEXT, c136 TEXT, c137 TEXT, c138 TEXT, c139 TEXT, c140 TEXT, c141 TEXT, c142 TEXT, c143 TEXT, c144 TEXT, c145 TEXT, c146 TEXT, c147 TEXT, c148 TEXT, c149 TEXT, c150 TEXT, c151 TEXT, c152 TEXT, c153 TEXT, c154 TEXT, c155 TEXT, c156 TEXT, c157 TEXT, c158 TEXT, c159 INTEGER REFERENCES t3(id) ON DELETE SET NULL DEFERRABLE INITIALLY DEFERRED, c160 TEXT, c161 TEXT, c162 TEXT, c163 TEXT, c164 TEXT, c165 TEXT, c166 TEXT, c167 TEXT, c168 TEXT, c169 TEXT, c170 TEXT, c171 TEXT, c172 TEXT, c173 TEXT, c174 TEXT, c175 TEXT, c176 TEXT, c177 TEXT, c178 TEXT, c179 TEXT, c180 TEXT, c181 TEXT, c182 TEXT, c183 TEXT, c184 TEXT, c185 TEXT, c186 TEXT, c187 TEXT, c188 TEXT, c189 TEXT, c190 TEXT, c191 TEXT, c192 TEXT, c193 TEXT, c194 TEXT, c195 TEXT, c196 TEXT, c197 TEXT, c198 TEXT, c199 TEXT, c200 TEXT, c201 TEXT, c202 TEXT, c203 TEXT, c204 TEXT);
CREATE TABLE t3 (id INTEGER PRIMARY KEY AUTOINCREMENT, c26 TEXT, c27 TEXT);
INSERT INTO t3 VALUES(1,'2019-04-12 08:34','Включены');
INSERT INTO t3 VALUES(2,'2019-04-12 08:34','Исключены');
INSERT INTO t3 VALUES(3,'2019-04-12 08:34','Ожидают рассмотрения');
INSERT INTO t3 VALUES(4,'2019-05-11 04:45','Слияние с другим источником');
CREATE TABLE IF NOT EXISTS "o2" (
	id INTEGER PRIMARY KEY AUTOINCREMENT,
	c205 TEXT,
	c206 TEXT,
	c251 INTEGER REFERENCES t3(id) ON
DELETE SET NULL DEFERRABLE INITIALLY DEFERRED);
CREATE TABLE IF NOT EXISTS "o5" (id INTEGER PRIMARY KEY AUTOINCREMENT, c384 TEXT, c385 TEXT, c386 TEXT, c387 TEXT, c388 TEXT, c389 TEXT, c390 TEXT, c391 TEXT, c392 TEXT, c393 TEXT, c394 TEXT, c395 TEXT, c396 TEXT, c397 TEXT, c398 TEXT, c399 TEXT, c400 TEXT, c401 TEXT, c402 TEXT, c403 TEXT, c404 TEXT, c405 TEXT, c406 TEXT, c407 TEXT, c408 TEXT, c409 TEXT, c410 TEXT, c411 TEXT, c412 TEXT, c413 TEXT, c414 TEXT, c415 TEXT, c416 TEXT, c417 TEXT, c418 TEXT, c419 TEXT, c420 TEXT, c421 TEXT, c422 TEXT, c423 TEXT, c424 TEXT, c425 TEXT, c426 TEXT, c427 TEXT, c428 TEXT, c429 TEXT, c430 INTEGER REFERENCES t3(id) ON DELETE SET NULL DEFERRABLE INITIALLY DEFERRED, c431 TEXT, c432 TEXT, c433 TEXT, c434 TEXT, c435 TEXT, c436 TEXT, c437 TEXT, c438 TEXT, c439 TEXT, c440 TEXT, c441 TEXT, c442 TEXT, c443 TEXT, c444 TEXT, c445 TEXT, c446 TEXT, c447 TEXT, c448 TEXT, c449 TEXT, c450 TEXT, c451 TEXT, c452 TEXT, c453 TEXT, c454 TEXT, c455 TEXT, c456 TEXT, c457 TEXT, c458 TEXT, c459 TEXT, c460 TEXT, c461 TEXT, c462 TEXT, c463 TEXT, c464 TEXT, c465 TEXT, c466 TEXT, c467 TEXT, c468 TEXT, c469 TEXT, c470 TEXT, c471 TEXT, c472 TEXT, c473 TEXT, c474 TEXT, c475 TEXT, c476 TEXT, c477 TEXT, c478 TEXT, c479 TEXT, c480 TEXT, c481 TEXT, c482 TEXT, c483 TEXT, c484 TEXT, c485 TEXT, c486 TEXT, c487 TEXT, c488 TEXT, c489 TEXT, c490 TEXT, c491 TEXT, c492 TEXT, c493 TEXT, c494 TEXT, c495 TEXT, c496 TEXT, c497 TEXT, c498 TEXT, c499 TEXT, c500 TEXT, c501 TEXT, c502 TEXT, c503 TEXT, c504 TEXT, c505 TEXT, c506 TEXT, c507 TEXT, c508 TEXT, c509 TEXT, c510 TEXT, c511 TEXT, c512 TEXT, c513 TEXT, c514 TEXT, c515 TEXT, c516 TEXT, c517 TEXT, c518 TEXT, c519 TEXT, c520 TEXT, c521 TEXT, c522 TEXT, c523 TEXT, c524 TEXT, c525 TEXT, c526 TEXT, c527 TEXT, c528 TEXT, c529 TEXT, c530 TEXT, c531 TEXT, c532 TEXT, c533 TEXT, c534 TEXT, c535 TEXT, c536 TEXT, c537 TEXT, c538 TEXT, c539 TEXT, c540 TEXT, c541 TEXT, c542 TEXT, c543 TEXT, c544 TEXT, c545 TEXT, c546 TEXT, c547 TEXT, c548 TEXT, c549 TEXT, c550 TEXT, c551 TEXT, c552 TEXT, c553 TEXT, c554 TEXT, c555 TEXT, c556 TEXT, c557 TEXT, c558 TEXT, c559 TEXT, c560 TEXT, c561 TEXT, c562 TEXT);
CREATE TABLE IF NOT EXISTS "o6" (id INTEGER PRIMARY KEY AUTOINCREMENT, c563 TEXT, c564 TEXT, c565 TEXT, c566 TEXT, c567 TEXT, c568 TEXT, c569 TEXT, c570 TEXT, c571 TEXT, c572 TEXT, c573 TEXT, c574 TEXT, c575 TEXT, c576 TEXT, c577 TEXT, c578 TEXT, c579 TEXT, c580 TEXT, c581 TEXT, c582 TEXT, c583 TEXT, c584 TEXT, c585 TEXT, c586 TEXT, c587 TEXT, c588 TEXT, c589 TEXT, c590 TEXT, c591 TEXT, c592 TEXT, c593 TEXT, c594 TEXT, c595 TEXT, c596 TEXT, c597 TEXT, c598 TEXT, c599 TEXT, c600 TEXT, c601 TEXT, c602 TEXT, c603 TEXT, c604 TEXT, c605 TEXT, c606 TEXT, c607 TEXT, c608 TEXT, c609 INTEGER REFERENCES t3(id) ON DELETE SET NULL DEFERRABLE INITIALLY DEFERRED, c610 TEXT, c611 TEXT, c612 TEXT, c613 TEXT, c614 TEXT, c615 TEXT, c616 TEXT, c617 TEXT, c618 TEXT, c619 TEXT, c620 TEXT, c621 TEXT, c622 TEXT, c623 TEXT, c624 TEXT, c625 TEXT, c626 TEXT, c627 TEXT, c628 TEXT, c629 TEXT, c630 TEXT, c631 TEXT, c632 TEXT, c633 TEXT, c634 TEXT, c635 TEXT, c636 TEXT, c637 TEXT, c638 TEXT, c639 TEXT, c640 TEXT, c641 TEXT, c642 TEXT, c643 TEXT, c644 TEXT, c645 TEXT, c646 TEXT, c647 TEXT, c648 TEXT, c649 TEXT, c650 TEXT, c651 TEXT, c652 TEXT, c653 TEXT, c654 TEXT, c655 TEXT, c656 TEXT, c657 TEXT, c658 TEXT, c659 TEXT, c660 TEXT, c661 TEXT, c662 TEXT, c663 TEXT, c664 TEXT, c665 TEXT, c666 TEXT, c667 TEXT, c668 TEXT, c669 TEXT, c670 TEXT, c671 TEXT, c672 TEXT, c673 TEXT, c674 TEXT, c675 TEXT, c676 TEXT, c677 TEXT, c678 TEXT, c679 TEXT, c680 TEXT, c681 TEXT, c682 TEXT, c683 TEXT, c684 TEXT, c685 TEXT, c686 TEXT, c687 TEXT, c688 TEXT, c689 TEXT, c690 TEXT, c691 TEXT, c692 TEXT, c693 TEXT, c694 TEXT, c695 TEXT, c696 TEXT, c697 TEXT, c698 TEXT, c699 TEXT, c700 TEXT, c701 TEXT, c702 TEXT, c703 TEXT, c704 TEXT, c705 TEXT, c706 TEXT, c707 TEXT, c708 TEXT, c709 TEXT, c710 TEXT, c711 TEXT, c712 TEXT, c713 TEXT, c714 TEXT, c715 TEXT, c716 TEXT, c717 TEXT, c718 TEXT, c719 TEXT, c720 TEXT, c721 TEXT, c722 TEXT, c723 TEXT, c724 TEXT, c725 TEXT, c726 TEXT, c727 TEXT, c728 TEXT, c729 TEXT, c730 TEXT, c731 TEXT, c732 TEXT, c733 TEXT, c734 TEXT, c735 TEXT, c736 TEXT, c737 TEXT, c738 TEXT, c739 TEXT, c740 TEXT, c741 TEXT);
CREATE TABLE t7 (id INTEGER PRIMARY KEY AUTOINCREMENT, c742 TEXT, c743 TEXT, c744 TEXT, c745 TEXT, c746 TEXT, c747 TEXT, c748 TEXT, c749 TEXT, c750 INTEGER REFERENCES t3(id) ON DELETE SET NULL DEFERRABLE INITIALLY DEFERRED, c751 TEXT, c752 TEXT, c753 TEXT, c754 TEXT, c755 TEXT, c756 TEXT, c757 TEXT, c758 TEXT, c759 TEXT, c760 TEXT, c761 TEXT, c762 TEXT, c763 TEXT, c764 TEXT, c765 TEXT, c766 TEXT, c767 TEXT, c768 TEXT, c769 TEXT, c770 TEXT, c771 TEXT, c772 TEXT, c773 TEXT, c774 TEXT, c775 TEXT, c776 TEXT, c777 TEXT, c778 TEXT, c779 TEXT, c780 TEXT, c781 TEXT, c782 TEXT, c783 TEXT, c784 TEXT, c785 TEXT, c786 TEXT, c787 TEXT, c788 TEXT, c789 TEXT, c790 TEXT, c791 TEXT, c792 TEXT, c793 TEXT, c794 TEXT, c795 TEXT, c796 TEXT, c797 TEXT, c798 TEXT, c799 TEXT, c800 TEXT, c801 TEXT, c802 TEXT, c803 TEXT, c804 TEXT, c805 TEXT, c806 TEXT, c807 TEXT, c808 TEXT, c809 TEXT, c810 TEXT, c811 TEXT, c812 TEXT, c813 TEXT, c814 TEXT, c815 TEXT, c816 TEXT, c817 TEXT, c818 TEXT, c819 TEXT, c820 TEXT, c821 TEXT, c822 TEXT, c823 TEXT, c824 TEXT, c825 TEXT, c826 TEXT, c827 TEXT, c828 TEXT, c829 TEXT, c830 TEXT, c831 TEXT, c832 TEXT, c833 TEXT, c834 TEXT, c835 TEXT, c836 TEXT, c837 TEXT, c838 TEXT, c839 TEXT, c840 TEXT, c841 TEXT, c842 TEXT, c843 TEXT, c844 TEXT, c845 TEXT, c846 TEXT, c847 TEXT, c848 TEXT, c849 TEXT, c850 TEXT, c851 TEXT, c852 TEXT, c853 TEXT, c854 TEXT, c855 TEXT, c856 TEXT, c857 TEXT, c858 TEXT, c859 TEXT, c860 TEXT, c861 TEXT, c862 TEXT, c863 TEXT, c864 TEXT, c865 TEXT, c866 TEXT, c867 TEXT, c868 TEXT, c869 TEXT, c870 TEXT, c871 TEXT, c872 TEXT, c873 TEXT, c874 TEXT, c875 TEXT, c876 TEXT, c877 TEXT, c878 TEXT, c879 TEXT, c880 TEXT, c881 TEXT, c882 TEXT, c883 TEXT);
CREATE TABLE t8 (id INTEGER PRIMARY KEY AUTOINCREMENT, c884 TEXT, c885 TEXT, c886 TEXT, c887 TEXT, c888 TEXT, c889 TEXT, c890 TEXT, c891 TEXT, c892 INTEGER REFERENCES t3(id) ON DELETE SET NULL DEFERRABLE INITIALLY DEFERRED, c893 TEXT, c894 TEXT, c895 TEXT, c896 TEXT, c897 TEXT, c898 TEXT, c899 TEXT, c900 TEXT, c901 TEXT, c902 TEXT, c903 TEXT, c904 TEXT, c905 TEXT, c906 TEXT, c907 TEXT, c908 TEXT, c909 TEXT, c910 TEXT, c911 TEXT, c912 TEXT, c913 TEXT, c914 TEXT, c915 TEXT, c916 TEXT, c917 TEXT, c918 TEXT, c919 TEXT, c920 TEXT, c921 TEXT, c922 TEXT, c923 TEXT, c924 TEXT, c925 TEXT, c926 TEXT, c927 TEXT, c928 TEXT, c929 TEXT, c930 TEXT, c931 TEXT, c932 TEXT, c933 TEXT, c934 TEXT, c935 TEXT, c936 TEXT, c937 TEXT, c938 TEXT, c939 TEXT, c940 TEXT, c941 TEXT, c942 TEXT, c943 TEXT, c944 TEXT, c945 TEXT, c946 TEXT, c947 TEXT, c948 TEXT, c949 TEXT, c950 TEXT, c951 TEXT, c952 TEXT, c953 TEXT, c954 TEXT, c955 TEXT, c956 TEXT, c957 TEXT, c958 TEXT, c959 TEXT, c960 TEXT, c961 TEXT, c962 TEXT, c963 TEXT, c964 TEXT, c965 TEXT, c966 TEXT, c967 TEXT, c968 TEXT, c969 TEXT, c970 TEXT, c971 TEXT, c972 TEXT, c973 TEXT, c974 TEXT, c975 TEXT, c976 TEXT, c977 TEXT, c978 TEXT, c979 TEXT, c980 TEXT, c981 TEXT, c982 TEXT, c983 TEXT, c984 TEXT, c985 TEXT, c986 TEXT, c987 TEXT, c988 TEXT, c989 TEXT, c990 TEXT, c991 TEXT, c992 TEXT, c993 TEXT, c994 TEXT, c995 TEXT, c996 TEXT, c997 TEXT, c998 TEXT, c999 TEXT, c1000 TEXT, c1001 TEXT, c1002 TEXT, c1003 TEXT, c1004 TEXT, c1005 TEXT, c1006 TEXT, c1007 TEXT, c1008 TEXT, c1009 TEXT, c1010 TEXT, c1011 TEXT, c1012 TEXT, c1013 TEXT, c1014 TEXT, c1015 TEXT, c1016 TEXT, c1017 TEXT, c1018 TEXT, c1019 TEXT, c1020 TEXT, c1021 TEXT, c1022 TEXT, c1023 TEXT, c1024 TEXT, c1025 TEXT);
CREATE TABLE IF NOT EXISTS "o4" (id INTEGER PRIMARY KEY AUTOINCREMENT, c1026 TEXT, c1027 TEXT, c1028 TEXT, c1029 TEXT, c1030 TEXT, c1031 TEXT, c1032 TEXT, c1033 TEXT, c1034 INTEGER REFERENCES t3(id) ON DELETE SET NULL DEFERRABLE INITIALLY DEFERRED, c1035 TEXT, c1036 TEXT, c1037 TEXT, c1038 TEXT, c1039 TEXT, c1040 TEXT, c1041 TEXT, c1042 TEXT, c1043 TEXT, c1044 TEXT, c1045 TEXT, c1046 TEXT, c1047 TEXT, c1048 TEXT, c1049 TEXT, c1050 TEXT, c1051 TEXT, c1052 TEXT, c1053 TEXT, c1054 TEXT, c1055 TEXT, c1056 TEXT, c1057 TEXT, c1058 TEXT, c1059 TEXT, c1060 TEXT, c1061 TEXT, c1062 TEXT, c1063 TEXT, c1064 TEXT, c1065 TEXT, c1066 TEXT, c1067 TEXT, c1068 TEXT, c1069 TEXT, c1070 TEXT, c1071 TEXT, c1072 TEXT, c1073 TEXT, c1074 TEXT, c1075 TEXT, c1076 TEXT, c1077 TEXT, c1078 TEXT, c1079 TEXT, c1080 TEXT, c1081 TEXT, c1082 TEXT, c1083 TEXT, c1084 TEXT, c1085 TEXT, c1086 TEXT, c1087 TEXT, c1088 TEXT, c1089 TEXT, c1090 TEXT, c1091 TEXT, c1092 TEXT, c1093 TEXT, c1094 TEXT, c1095 TEXT, c1096 TEXT, c1097 TEXT, c1098 TEXT, c1099 TEXT, c1100 TEXT, c1101 TEXT, c1102 TEXT, c1103 TEXT, c1104 TEXT, c1105 TEXT, c1106 TEXT, c1107 TEXT, c1108 TEXT, c1109 TEXT, c1110 TEXT, c1111 TEXT, c1112 TEXT, c1113 TEXT, c1114 TEXT, c1115 TEXT, c1116 TEXT, c1117 TEXT, c1118 TEXT, c1119 TEXT, c1120 TEXT, c1121 TEXT, c1122 TEXT, c1123 TEXT, c1124 TEXT, c1125 TEXT, c1126 TEXT, c1127 TEXT, c1128 TEXT, c1129 TEXT, c1130 TEXT, c1131 TEXT, c1132 TEXT, c1133 TEXT, c1134 TEXT, c1135 TEXT, c1136 TEXT, c1137 TEXT, c1138 TEXT, c1139 TEXT, c1140 TEXT, c1141 TEXT, c1142 TEXT, c1143 TEXT, c1144 TEXT, c1145 TEXT, c1146 TEXT, c1147 TEXT, c1148 TEXT, c1149 TEXT, c1150 TEXT, c1151 TEXT, c1152 TEXT, c1153 TEXT, c1154 TEXT, c1155 TEXT, c1156 TEXT, c1157 TEXT, c1158 TEXT, c1159 TEXT, c1160 TEXT, c1161 TEXT, c1162 TEXT, c1163 TEXT, c1164 TEXT, c1165 TEXT, c1166 TEXT, c1167 TEXT);
CREATE TABLE IF NOT EXISTS "o3" (id INTEGER PRIMARY KEY AUTOINCREMENT, c1168 TEXT, c1169 TEXT, c1170 TEXT, c1171 TEXT, c1172 TEXT, c1173 TEXT, c1174 TEXT, c1175 TEXT, c1176 INTEGER REFERENCES t3(id) ON DELETE SET NULL DEFERRABLE INITIALLY DEFERRED, c1177 TEXT, c1178 TEXT, c1179 TEXT, c1180 TEXT, c1181 TEXT, c1182 TEXT, c1183 TEXT, c1184 TEXT, c1185 TEXT, c1186 TEXT, c1187 TEXT, c1188 TEXT, c1189 TEXT, c1190 TEXT, c1191 TEXT, c1192 TEXT, c1193 TEXT, c1194 TEXT, c1195 TEXT, c1196 TEXT, c1197 TEXT, c1198 TEXT, c1199 TEXT, c1200 TEXT, c1201 TEXT, c1202 TEXT, c1203 TEXT, c1204 TEXT, c1205 TEXT, c1206 TEXT, c1207 TEXT, c1208 TEXT, c1209 TEXT, c1210 TEXT, c1211 TEXT, c1212 TEXT, c1213 TEXT, c1214 TEXT, c1215 TEXT, c1216 TEXT, c1217 TEXT, c1218 TEXT, c1219 TEXT, c1220 TEXT, c1221 TEXT, c1222 TEXT, c1223 TEXT, c1224 TEXT, c1225 TEXT, c1226 TEXT, c1227 TEXT, c1228 TEXT, c1229 TEXT, c1230 TEXT, c1231 TEXT, c1232 TEXT, c1233 TEXT, c1234 TEXT, c1235 TEXT, c1236 TEXT, c1237 TEXT, c1238 TEXT, c1239 TEXT, c1240 TEXT, c1241 TEXT, c1242 TEXT, c1243 TEXT, c1244 TEXT, c1245 TEXT, c1246 TEXT, c1247 TEXT, c1248 TEXT, c1249 TEXT, c1250 TEXT, c1251 TEXT, c1252 TEXT, c1253 TEXT, c1254 TEXT, c1255 TEXT, c1256 TEXT, c1257 TEXT, c1258 TEXT, c1259 TEXT, c1260 TEXT, c1261 TEXT, c1262 TEXT, c1263 TEXT, c1264 TEXT, c1265 TEXT, c1266 TEXT, c1267 TEXT, c1268 TEXT, c1269 TEXT, c1270 TEXT, c1271 TEXT, c1272 TEXT, c1273 TEXT, c1274 TEXT, c1275 TEXT, c1276 TEXT, c1277 TEXT, c1278 TEXT, c1279 TEXT, c1280 TEXT, c1281 TEXT, c1282 TEXT, c1283 TEXT, c1284 TEXT, c1285 TEXT, c1286 TEXT, c1287 TEXT, c1288 TEXT, c1289 TEXT, c1290 TEXT, c1291 TEXT, c1292 TEXT, c1293 TEXT, c1294 TEXT, c1295 TEXT, c1296 TEXT, c1297 TEXT, c1298 TEXT, c1299 TEXT, c1300 TEXT, c1301 TEXT, c1302 TEXT, c1303 TEXT, c1304 TEXT, c1305 TEXT, c1306 TEXT, c1307 TEXT, c1308 TEXT, c1309 TEXT);
CREATE TABLE t11 (id INTEGER PRIMARY KEY AUTOINCREMENT, c1310 TEXT, c1311 TEXT, c1312 TEXT, c1313 TEXT, c1314 TEXT, c1315 TEXT, c1316 TEXT, c1317 TEXT, c1318 INTEGER REFERENCES t3(id) ON DELETE SET NULL DEFERRABLE INITIALLY DEFERRED, c1319 TEXT, c1320 TEXT, c1321 TEXT, c1322 TEXT, c1323 TEXT, c1324 TEXT, c1325 TEXT, c1326 TEXT, c1327 TEXT, c1328 TEXT, c1329 TEXT, c1330 TEXT, c1331 TEXT, c1332 TEXT, c1333 TEXT, c1334 TEXT, c1335 TEXT, c1336 TEXT, c1337 TEXT, c1338 TEXT, c1339 TEXT, c1340 TEXT, c1341 TEXT, c1342 TEXT, c1343 TEXT, c1344 TEXT, c1345 TEXT, c1346 TEXT, c1347 TEXT, c1348 TEXT, c1349 TEXT, c1350 TEXT, c1351 TEXT, c1352 TEXT, c1353 TEXT, c1354 TEXT, c1355 TEXT, c1356 TEXT, c1357 TEXT, c1358 TEXT, c1359 TEXT, c1360 TEXT, c1361 TEXT, c1362 TEXT, c1363 TEXT, c1364 TEXT, c1365 TEXT, c1366 TEXT, c1367 TEXT, c1368 TEXT, c1369 TEXT, c1370 TEXT, c1371 TEXT, c1372 TEXT, c1373 TEXT, c1374 TEXT, c1375 TEXT, c1376 TEXT, c1377 TEXT, c1378 TEXT, c1379 TEXT, c1380 TEXT, c1381 TEXT, c1382 TEXT, c1383 TEXT, c1384 TEXT, c1385 TEXT, c1386 TEXT, c1387 TEXT, c1388 TEXT, c1389 TEXT, c1390 TEXT, c1391 TEXT, c1392 TEXT, c1393 TEXT, c1394 TEXT, c1395 TEXT, c1396 TEXT, c1397 TEXT, c1398 TEXT, c1399 TEXT, c1400 TEXT, c1401 TEXT, c1402 TEXT, c1403 TEXT, c1404 TEXT, c1405 TEXT, c1406 TEXT, c1407 TEXT, c1408 TEXT, c1409 TEXT, c1410 TEXT, c1411 TEXT, c1412 TEXT, c1413 TEXT, c1414 TEXT, c1415 TEXT, c1416 TEXT, c1417 TEXT, c1418 TEXT, c1419 TEXT, c1420 TEXT, c1421 TEXT, c1422 TEXT, c1423 TEXT, c1424 TEXT, c1425 TEXT, c1426 TEXT, c1427 TEXT, c1428 TEXT, c1429 TEXT, c1430 TEXT, c1431 TEXT, c1432 TEXT, c1433 TEXT, c1434 TEXT, c1435 TEXT, c1436 TEXT, c1437 TEXT, c1438 TEXT, c1439 TEXT, c1440 TEXT, c1441 TEXT, c1442 TEXT, c1443 TEXT, c1444 TEXT, c1445 TEXT, c1446 TEXT, c1447 TEXT, c1448 TEXT, c1449 TEXT, c1450 TEXT, c1451 TEXT);
CREATE TABLE t12 (id INTEGER PRIMARY KEY AUTOINCREMENT, c1452 TEXT, c1453 TEXT, c1454 TEXT, c1455 TEXT, c1456 TEXT, c1457 TEXT, c1458 TEXT, c1459 TEXT, c1460 INTEGER REFERENCES t3(id) ON DELETE SET NULL DEFERRABLE INITIALLY DEFERRED, c1461 TEXT, c1462 TEXT, c1463 TEXT, c1464 TEXT, c1465 TEXT, c1466 TEXT, c1467 TEXT, c1468 TEXT, c1469 TEXT, c1470 TEXT, c1471 TEXT, c1472 TEXT, c1473 TEXT, c1474 TEXT, c1475 TEXT, c1476 TEXT, c1477 TEXT, c1478 TEXT, c1479 TEXT, c1480 TEXT, c1481 TEXT, c1482 TEXT, c1483 TEXT, c1484 TEXT, c1485 TEXT, c1486 TEXT, c1487 TEXT, c1488 TEXT, c1489 TEXT, c1490 TEXT, c1491 TEXT, c1492 TEXT, c1493 TEXT, c1494 TEXT, c1495 TEXT, c1496 TEXT, c1497 TEXT, c1498 TEXT, c1499 TEXT, c1500 TEXT, c1501 TEXT, c1502 TEXT, c1503 TEXT, c1504 TEXT, c1505 TEXT, c1506 TEXT, c1507 TEXT, c1508 TEXT, c1509 TEXT, c1510 TEXT, c1511 TEXT, c1512 TEXT, c1513 TEXT, c1514 TEXT, c1515 TEXT, c1516 TEXT, c1517 TEXT, c1518 TEXT, c1519 TEXT, c1520 TEXT, c1521 TEXT, c1522 TEXT, c1523 TEXT, c1524 TEXT, c1525 TEXT, c1526 TEXT, c1527 TEXT, c1528 TEXT, c1529 TEXT, c1530 TEXT, c1531 TEXT, c1532 TEXT, c1533 TEXT, c1534 TEXT, c1535 TEXT, c1536 TEXT, c1537 TEXT, c1538 TEXT, c1539 TEXT, c1540 TEXT, c1541 TEXT, c1542 TEXT, c1543 TEXT, c1544 TEXT, c1545 TEXT, c1546 TEXT, c1547 TEXT, c1548 TEXT, c1549 TEXT, c1550 TEXT, c1551 TEXT, c1552 TEXT, c1553 TEXT, c1554 TEXT, c1555 TEXT, c1556 TEXT, c1557 TEXT, c1558 TEXT, c1559 TEXT, c1560 TEXT, c1561 TEXT, c1562 TEXT, c1563 TEXT, c1564 TEXT, c1565 TEXT, c1566 TEXT, c1567 TEXT, c1568 TEXT, c1569 TEXT, c1570 TEXT, c1571 TEXT, c1572 TEXT, c1573 TEXT, c1574 TEXT, c1575 TEXT, c1576 TEXT, c1577 TEXT, c1578 TEXT, c1579 TEXT, c1580 TEXT, c1581 TEXT, c1582 TEXT, c1583 TEXT, c1584 TEXT, c1585 TEXT, c1586 TEXT, c1587 TEXT, c1588 TEXT, c1589 TEXT, c1590 TEXT, c1591 TEXT, c1592 TEXT, c1593 TEXT);
CREATE TABLE t13 (id INTEGER PRIMARY KEY AUTOINCREMENT, c1594 TEXT, c1595 TEXT, c1596 TEXT, c1597 TEXT, c1598 TEXT, c1599 TEXT, c1600 TEXT, c1601 TEXT, c1602 INTEGER REFERENCES t3(id) ON DELETE SET NULL DEFERRABLE INITIALLY DEFERRED, c1603 TEXT, c1604 TEXT, c1605 TEXT, c1606 TEXT, c1607 TEXT, c1608 TEXT, c1609 TEXT, c1610 TEXT, c1611 TEXT, c1612 TEXT, c1613 TEXT, c1614 TEXT, c1615 TEXT, c1616 TEXT, c1617 TEXT, c1618 TEXT, c1619 TEXT, c1620 TEXT, c1621 TEXT, c1622 TEXT, c1623 TEXT, c1624 TEXT, c1625 TEXT, c1626 TEXT, c1627 TEXT, c1628 TEXT, c1629 TEXT, c1630 TEXT, c1631 TEXT, c1632 TEXT, c1633 TEXT, c1634 TEXT, c1635 TEXT, c1636 TEXT, c1637 TEXT, c1638 TEXT, c1639 TEXT, c1640 TEXT, c1641 TEXT, c1642 TEXT, c1643 TEXT, c1644 TEXT, c1645 TEXT, c1646 TEXT, c1647 TEXT, c1648 TEXT, c1649 TEXT, c1650 TEXT, c1651 TEXT, c1652 TEXT, c1653 TEXT, c1654 TEXT, c1655 TEXT, c1656 TEXT, c1657 TEXT, c1658 TEXT, c1659 TEXT, c1660 TEXT, c1661 TEXT, c1662 TEXT, c1663 TEXT, c1664 TEXT, c1665 TEXT, c1666 TEXT, c1667 TEXT, c1668 TEXT, c1669 TEXT, c1670 TEXT, c1671 TEXT, c1672 TEXT, c1673 TEXT, c1674 TEXT, c1675 TEXT, c1676 TEXT, c1677 TEXT, c1678 TEXT, c1679 TEXT, c1680 TEXT, c1681 TEXT, c1682 TEXT, c1683 TEXT, c1684 TEXT, c1685 TEXT, c1686 TEXT, c1687 TEXT, c1688 TEXT, c1689 TEXT, c1690 TEXT, c1691 TEXT, c1692 TEXT, c1693 TEXT, c1694 TEXT, c1695 TEXT, c1696 TEXT, c1697 TEXT, c1698 TEXT, c1699 TEXT, c1700 TEXT, c1701 TEXT, c1702 TEXT, c1703 TEXT, c1704 TEXT, c1705 TEXT, c1706 TEXT, c1707 TEXT, c1708 TEXT, c1709 TEXT, c1710 TEXT, c1711 TEXT, c1712 TEXT, c1713 TEXT, c1714 TEXT, c1715 TEXT, c1716 TEXT, c1717 TEXT, c1718 TEXT, c1719 TEXT, c1720 TEXT, c1721 TEXT, c1722 TEXT, c1723 TEXT, c1724 TEXT, c1725 TEXT, c1726 TEXT, c1727 TEXT, c1728 TEXT, c1729 TEXT, c1730 TEXT, c1731 TEXT, c1732 TEXT, c1733 TEXT, c1734 TEXT, c1735 TEXT);
CREATE TABLE t14 (id INTEGER PRIMARY KEY AUTOINCREMENT, c1736 TEXT, c1737 TEXT, c1738 TEXT, c1739 TEXT, c1740 TEXT, c1741 TEXT, c1742 TEXT, c1743 TEXT, c1744 INTEGER REFERENCES t3(id) ON DELETE SET NULL DEFERRABLE INITIALLY DEFERRED, c1745 TEXT, c1746 TEXT, c1747 TEXT, c1748 TEXT, c1749 TEXT, c1750 TEXT, c1751 TEXT, c1752 TEXT, c1753 TEXT, c1754 TEXT, c1755 TEXT, c1756 TEXT, c1757 TEXT, c1758 TEXT, c1759 TEXT, c1760 TEXT, c1761 TEXT, c1762 TEXT, c1763 TEXT, c1764 TEXT, c1765 TEXT, c1766 TEXT, c1767 TEXT, c1768 TEXT, c1769 TEXT, c1770 TEXT, c1771 TEXT, c1772 TEXT, c1773 TEXT, c1774 TEXT, c1775 TEXT, c1776 TEXT, c1777 TEXT, c1778 TEXT, c1779 TEXT, c1780 TEXT, c1781 TEXT, c1782 TEXT, c1783 TEXT, c1784 TEXT, c1785 TEXT, c1786 TEXT, c1787 TEXT, c1788 TEXT, c1789 TEXT, c1790 TEXT, c1791 TEXT, c1792 TEXT, c1793 TEXT, c1794 TEXT, c1795 TEXT, c1796 TEXT, c1797 TEXT, c1798 TEXT, c1799 TEXT, c1800 TEXT, c1801 TEXT, c1802 TEXT, c1803 TEXT, c1804 TEXT, c1805 TEXT, c1806 TEXT, c1807 TEXT, c1808 TEXT, c1809 TEXT, c1810 TEXT, c1811 TEXT, c1812 TEXT, c1813 TEXT, c1814 TEXT, c1815 TEXT, c1816 TEXT, c1817 TEXT, c1818 TEXT, c1819 TEXT, c1820 TEXT, c1821 TEXT, c1822 TEXT, c1823 TEXT, c1824 TEXT, c1825 TEXT, c1826 TEXT, c1827 TEXT, c1828 TEXT, c1829 TEXT, c1830 TEXT, c1831 TEXT, c1832 TEXT, c1833 TEXT, c1834 TEXT, c1835 TEXT, c1836 TEXT, c1837 TEXT, c1838 TEXT, c1839 TEXT, c1840 TEXT, c1841 TEXT, c1842 TEXT, c1843 TEXT, c1844 TEXT, c1845 TEXT, c1846 TEXT, c1847 TEXT, c1848 TEXT, c1849 TEXT, c1850 TEXT, c1851 TEXT, c1852 TEXT, c1853 TEXT, c1854 TEXT, c1855 TEXT, c1856 TEXT, c1857 TEXT, c1858 TEXT, c1859 TEXT, c1860 TEXT, c1861 TEXT, c1862 TEXT, c1863 TEXT, c1864 TEXT, c1865 TEXT, c1866 TEXT, c1867 TEXT, c1868 TEXT, c1869 TEXT, c1870 TEXT, c1871 TEXT, c1872 TEXT, c1873 TEXT, c1874 TEXT, c1875 TEXT, c1876 TEXT, c1877 TEXT);
CREATE TABLE t15 (id INTEGER PRIMARY KEY AUTOINCREMENT, c1878 TEXT, c1879 TEXT, c1880 TEXT, c1881 TEXT, c1882 TEXT, c1883 TEXT, c1884 TEXT, c1885 TEXT, c1886 INTEGER REFERENCES t3(id) ON DELETE SET NULL DEFERRABLE INITIALLY DEFERRED, c1887 TEXT, c1888 TEXT, c1889 TEXT, c1890 TEXT, c1891 TEXT, c1892 TEXT, c1893 TEXT, c1894 TEXT, c1895 TEXT, c1896 TEXT, c1897 TEXT, c1898 TEXT, c1899 TEXT, c1900 TEXT, c1901 TEXT, c1902 TEXT, c1903 TEXT, c1904 TEXT, c1905 TEXT, c1906 TEXT, c1907 TEXT, c1908 TEXT, c1909 TEXT, c1910 TEXT, c1911 TEXT, c1912 TEXT, c1913 TEXT, c1914 TEXT, c1915 TEXT, c1916 TEXT, c1917 TEXT, c1918 TEXT, c1919 TEXT, c1920 TEXT, c1921 TEXT, c1922 TEXT, c1923 TEXT, c1924 TEXT, c1925 TEXT, c1926 TEXT, c1927 TEXT, c1928 TEXT, c1929 TEXT, c1930 TEXT, c1931 TEXT, c1932 TEXT, c1933 TEXT, c1934 TEXT, c1935 TEXT, c1936 TEXT, c1937 TEXT, c1938 TEXT, c1939 TEXT, c1940 TEXT, c1941 TEXT, c1942 TEXT, c1943 TEXT, c1944 TEXT, c1945 TEXT, c1946 TEXT, c1947 TEXT, c1948 TEXT, c1949 TEXT, c1950 TEXT, c1951 TEXT, c1952 TEXT, c1953 TEXT, c1954 TEXT, c1955 TEXT, c1956 TEXT, c1957 TEXT, c1958 TEXT, c1959 TEXT, c1960 TEXT, c1961 TEXT, c1962 TEXT, c1963 TEXT, c1964 TEXT, c1965 TEXT, c1966 TEXT, c1967 TEXT, c1968 TEXT, c1969 TEXT, c1970 TEXT, c1971 TEXT, c1972 TEXT, c1973 TEXT, c1974 TEXT, c1975 TEXT, c1976 TEXT, c1977 TEXT, c1978 TEXT, c1979 TEXT, c1980 TEXT, c1981 TEXT, c1982 TEXT, c1983 TEXT, c1984 TEXT, c1985 TEXT, c1986 TEXT, c1987 TEXT, c1988 TEXT, c1989 TEXT, c1990 TEXT, c1991 TEXT, c1992 TEXT, c1993 TEXT, c1994 TEXT, c1995 TEXT, c1996 TEXT, c1997 TEXT, c1998 TEXT, c1999 TEXT, c2000 TEXT, c2001 TEXT, c2002 TEXT, c2003 TEXT, c2004 TEXT, c2005 TEXT, c2006 TEXT, c2007 TEXT, c2008 TEXT, c2009 TEXT, c2010 TEXT, c2011 TEXT, c2012 TEXT, c2013 TEXT, c2014 TEXT, c2015 TEXT, c2016 TEXT, c2017 TEXT, c2018 TEXT, c2019 TEXT);
CREATE TABLE t16 (id INTEGER PRIMARY KEY AUTOINCREMENT, c2020 TEXT, c2021 TEXT, c2022 TEXT, c2023 TEXT, c2024 TEXT, c2025 TEXT, c2026 TEXT, c2027 TEXT, c2028 INTEGER REFERENCES t3(id) ON DELETE SET NULL DEFERRABLE INITIALLY DEFERRED, c2029 TEXT, c2030 TEXT, c2031 TEXT, c2032 TEXT, c2033 TEXT, c2034 TEXT, c2035 TEXT, c2036 TEXT, c2037 TEXT, c2038 TEXT, c2039 TEXT, c2040 TEXT, c2041 TEXT, c2042 TEXT, c2043 TEXT, c2044 TEXT, c2045 TEXT, c2046 TEXT, c2047 TEXT, c2048 TEXT, c2049 TEXT, c2050 TEXT, c2051 TEXT, c2052 TEXT, c2053 TEXT, c2054 TEXT, c2055 TEXT, c2056 TEXT, c2057 TEXT, c2058 TEXT, c2059 TEXT, c2060 TEXT, c2061 TEXT, c2062 TEXT, c2063 TEXT, c2064 TEXT, c2065 TEXT, c2066 TEXT, c2067 TEXT, c2068 TEXT, c2069 TEXT, c2070 TEXT, c2071 TEXT, c2072 TEXT, c2073 TEXT, c2074 TEXT, c2075 TEXT, c2076 TEXT, c2077 TEXT, c2078 TEXT, c2079 TEXT, c2080 TEXT, c2081 TEXT, c2082 TEXT, c2083 TEXT, c2084 TEXT, c2085 TEXT, c2086 TEXT, c2087 TEXT, c2088 TEXT, c2089 TEXT, c2090 TEXT, c2091 TEXT, c2092 TEXT, c2093 TEXT, c2094 TEXT, c2095 TEXT, c2096 TEXT, c2097 TEXT, c2098 TEXT, c2099 TEXT, c2100 TEXT, c2101 TEXT, c2102 TEXT, c2103 TEXT, c2104 TEXT, c2105 TEXT, c2106 TEXT, c2107 TEXT, c2108 TEXT, c2109 TEXT, c2110 TEXT, c2111 TEXT, c2112 TEXT, c2113 TEXT, c2114 TEXT, c2115 TEXT, c2116 TEXT, c2117 TEXT, c2118 TEXT, c2119 TEXT, c2120 TEXT, c2121 TEXT, c2122 TEXT, c2123 TEXT, c2124 TEXT, c2125 TEXT, c2126 TEXT, c2127 TEXT, c2128 TEXT, c2129 TEXT, c2130 TEXT, c2131 TEXT, c2132 TEXT, c2133 TEXT, c2134 TEXT, c2135 TEXT, c2136 TEXT, c2137 TEXT, c2138 TEXT, c2139 TEXT, c2140 TEXT, c2141 TEXT, c2142 TEXT, c2143 TEXT, c2144 TEXT, c2145 TEXT, c2146 TEXT, c2147 TEXT, c2148 TEXT, c2149 TEXT, c2150 TEXT, c2151 TEXT, c2152 TEXT, c2153 TEXT, c2154 TEXT, c2155 TEXT, c2156 TEXT, c2157 TEXT, c2158 TEXT, c2159 TEXT, c2160 TEXT, c2161 TEXT);
CREATE TABLE t17 (id INTEGER PRIMARY KEY AUTOINCREMENT, c2162 TEXT, c2163 TEXT, c2164 TEXT, c2165 TEXT, c2166 TEXT, c2167 TEXT, c2168 TEXT, c2169 TEXT, c2170 TEXT, c2171 TEXT, c2172 TEXT, c2173 TEXT, c2174 TEXT, c2175 TEXT, c2176 TEXT, c2177 TEXT, c2178 TEXT, c2179 TEXT, c2180 TEXT, c2181 TEXT, c2182 TEXT, c2183 TEXT, c2184 TEXT, c2185 TEXT, c2186 TEXT, c2187 TEXT, c2188 TEXT, c2189 TEXT, c2190 TEXT, c2191 TEXT, c2192 TEXT, c2193 TEXT, c2194 TEXT, c2195 TEXT, c2196 TEXT, c2197 TEXT, c2198 TEXT, c2199 TEXT, c2200 TEXT, c2201 TEXT, c2202 TEXT, c2203 TEXT, c2204 TEXT, c2205 TEXT, c2206 TEXT, c2207 TEXT, c2208 INTEGER REFERENCES t3(id) ON DELETE SET NULL DEFERRABLE INITIALLY DEFERRED, c2209 TEXT, c2210 TEXT, c2211 TEXT, c2212 TEXT, c2213 TEXT, c2214 TEXT, c2215 TEXT, c2216 TEXT, c2217 TEXT, c2218 TEXT, c2219 TEXT, c2220 TEXT, c2221 TEXT, c2222 TEXT, c2223 TEXT, c2224 TEXT, c2225 TEXT, c2226 TEXT, c2227 TEXT, c2228 TEXT, c2229 TEXT, c2230 TEXT, c2231 TEXT, c2232 TEXT, c2233 TEXT, c2234 TEXT, c2235 TEXT, c2236 TEXT, c2237 TEXT, c2238 TEXT, c2239 TEXT, c2240 TEXT, c2241 TEXT, c2242 TEXT, c2243 TEXT, c2244 TEXT, c2245 TEXT, c2246 TEXT, c2247 TEXT, c2248 TEXT, c2249 TEXT, c2250 TEXT, c2251 TEXT, c2252 TEXT, c2253 TEXT, c2254 TEXT, c2255 TEXT, c2256 TEXT, c2257 TEXT, c2258 TEXT, c2259 TEXT, c2260 TEXT, c2261 TEXT, c2262 TEXT, c2263 TEXT, c2264 TEXT, c2265 TEXT, c2266 TEXT, c2267 TEXT, c2268 TEXT, c2269 TEXT, c2270 TEXT, c2271 TEXT, c2272 TEXT, c2273 TEXT, c2274 TEXT, c2275 TEXT, c2276 TEXT, c2277 TEXT, c2278 TEXT, c2279 TEXT, c2280 TEXT, c2281 TEXT, c2282 TEXT, c2283 TEXT, c2284 TEXT, c2285 TEXT, c2286 TEXT, c2287 TEXT, c2288 TEXT, c2289 TEXT, c2290 TEXT, c2291 TEXT, c2292 TEXT, c2293 TEXT, c2294 TEXT, c2295 TEXT, c2296 TEXT, c2297 TEXT, c2298 TEXT, c2299 TEXT, c2300 TEXT, c2301 TEXT, c2302 TEXT, c2303 TEXT, c2304 TEXT, c2305 TEXT, c2306 TEXT, c2307 TEXT, c2308 TEXT, c2309 TEXT, c2310 TEXT, c2311 TEXT, c2312 TEXT, c2313 TEXT, c2314 TEXT, c2315 TEXT, c2316 TEXT, c2317 TEXT, c2318 TEXT, c2319 TEXT, c2320 TEXT, c2321 TEXT, c2322 TEXT, c2323 TEXT, c2324 TEXT, c2325 TEXT, c2326 TEXT, c2327 TEXT, c2328 TEXT, c2329 TEXT, c2330 TEXT, c2331 TEXT, c2332 TEXT, c2333 TEXT, c2334 TEXT, c2335 TEXT, c2336 TEXT, c2337 TEXT, c2338 TEXT, c2339 TEXT, c2340 TEXT);
DELETE FROM sqlite_sequence;
INSERT INTO sqlite_sequence VALUES('tables_metadata',17);
INSERT INTO sqlite_sequence VALUES('columns_metadata',2340);
INSERT INTO sqlite_sequence VALUES('o1',1);
INSERT INTO sqlite_sequence VALUES('t2',9246);
INSERT INTO sqlite_sequence VALUES('old_tables',6);
INSERT INTO sqlite_sequence VALUES('t3',4);
INSERT INTO sqlite_sequence VALUES('o5',9246);
INSERT INTO sqlite_sequence VALUES('o6',9246);
INSERT INTO sqlite_sequence VALUES('t7',9246);
INSERT INTO sqlite_sequence VALUES('t8',9246);
INSERT INTO sqlite_sequence VALUES('o4',9246);
INSERT INTO sqlite_sequence VALUES('o3',9246);
INSERT INTO sqlite_sequence VALUES('t11',9246);
INSERT INTO sqlite_sequence VALUES('t12',9246);
INSERT INTO sqlite_sequence VALUES('t13',9246);
INSERT INTO sqlite_sequence VALUES('t14',9246);
INSERT INTO sqlite_sequence VALUES('t15',9246);
INSERT INTO sqlite_sequence VALUES('t16',9246);
INSERT INTO sqlite_sequence VALUES('t17',9246);
COMMIT;
